date_time,category,amount
2022-07-06 05:57:10 +0000,Restuarant,5.5
2022-07-06 05:57:27 +0000,Market,2
2022-07-06 05:58:12 +0000,Coffe,30.1
2022-07-06 05:58:25 +0000,Market,17.33
2022-07-06 05:59:00 +0000,Restuarant,5.5
2022-07-06 05:59:15 +0000,Market,11.78
2022-07-06 05:59:41 +0000,Restuarant,10
2022-07-06 05:59:44 +0000,Market,1.38
2022-07-06 05:59:45 +0000,Restuarant,10
2022-07-06 05:59:56 +0000,Market,2.73
2022-07-06 06:00:04 +0000,Market,1.94
2022-07-06 06:00:53 +0000,Transport,5
2022-07-06 06:01:09 +0000,Restuarant,6
2022-07-06 06:07:09 +0000,Market,2.8
2022-07-06 08:55:16 +0000,Coffe,6.6
2022-07-06 14:43:13 +0000,Coffe,7.6
2022-07-06 17:48:06 +0000,Market,3.12
2022-07-07 09:52:48 +0000,Market,2.37
2022-07-07 09:56:52 +0000,Coffe,6
2022-07-07 15:06:54 +0000,Market,12.36
2022-07-08 05:00:36 +0000,Market,1.98
2022-07-08 13:02:25 +0000,Restuarant,5
2022-07-08 17:16:44 +0000,Market,2.04
2022-07-08 17:16:50 +0000,Restuarant,12
2022-07-09 04:43:12 +0000,Coffe,5.7
2022-07-09 06:37:03 +0000,Restuarant,48
2022-07-09 06:37:08 +0000,Transport,5
2022-07-10 05:45:45 +0000,Transport,21
2022-07-10 18:15:13 +0000,Other,20
2022-07-10 18:38:38 +0000,Phone,10
2022-07-11 15:05:15 +0000,Market,13.62
2022-07-11 15:05:19 +0000,Transport,10
2022-07-11 15:05:28 +0000,Market,12.76
2022-07-12 18:47:10 +0000,Restuarant,10
2022-07-12 19:09:28 +0000,Market,8.2
2022-07-12 19:10:28 +0000,Communal,150
2022-07-13 09:35:23 +0000,Transport,2
2022-07-13 14:10:40 +0000,Coffe,6.6
2022-07-13 17:06:52 +0000,Market,1.8
2022-07-14 12:07:03 +0000,Coffe,7.6
2022-07-15 12:42:39 +0000,Transport,6
2022-07-15 15:37:35 +0000,Coffe,6.6
2022-07-15 18:24:42 +0000,Market,7.44
2022-07-16 08:26:25 +0000,Coffe,16
2022-07-16 09:19:28 +0000,Transport,2
2022-07-16 09:49:31 +0000,Coffe,7.6
2022-07-17 10:12:20 +0000,Transport,5
2022-07-17 10:12:22 +0000,Coffe,7.6
2022-07-17 10:59:19 +0000,Coffe,7.6
2022-07-17 16:22:17 +0000,Restuarant,10
2022-07-17 16:55:41 +0000,Market,4.5
2022-07-18 10:54:56 +0000,Coffe,15.2
2022-07-19 11:18:02 +0000,Coffe,15.6
2022-07-19 12:26:37 +0000,Coffe,3
2022-07-19 17:48:53 +0000,Market,18
2022-07-19 17:48:55 +0000,Restuarant,10
2022-07-20 11:59:47 +0000,Restuarant,5.5
2022-07-20 11:59:52 +0000,Market,4.38
2022-07-20 13:37:03 +0000,Restuarant,10
2022-07-20 14:33:00 +0000,Coffe,7.6
2022-07-20 19:23:39 +0000,Transport,4
2022-07-21 01:27:52 +0000,Restuarant,8
2022-07-27 17:44:12 +0000,Coffe,7.6
2022-07-27 21:09:08 +0000,Market,8
2022-07-28 00:51:54 +0000,Clothing,87
2022-07-28 00:52:30 +0000,Clothing,135.5
2022-07-28 00:52:37 +0000,Clothing,90
2022-07-28 15:59:29 +0000,Market,8
2022-07-28 19:18:45 +0000,Motel,675
2022-07-28 19:19:02 +0000,Travel,733.25
2022-07-28 19:21:17 +0000,Rent Car,80
2022-07-28 19:23:16 +0000,Rent Car,15
2022-07-28 19:24:50 +0000,Communal,9
2022-07-29 10:44:07 +0000,Phone,7
2022-07-29 14:43:54 +0000,Restuarant,7
2022-07-29 14:43:57 +0000,Transport,1
2022-07-29 14:44:10 +0000,Travel,260
2022-07-30 08:41:21 +0000,Coffe,7.6
2022-07-30 12:08:27 +0000,Coffe,28.4
2022-07-30 16:57:05 +0000,Restuarant,7.5
2022-07-31 10:51:59 +0000,Transport,3
2022-07-31 14:18:59 +0000,Coffe,6.5
2022-08-01 05:10:13 +0000,Market,4
2022-08-01 12:28:01 +0000,Market,2
2022-08-01 15:15:20 +0000,Restuarant,5.3
2022-08-01 15:15:22 +0000,Restuarant,5
2022-08-01 19:48:07 +0000,Other,14
2022-08-02 10:21:16 +0000,Restuarant,5.5
2022-08-02 15:11:18 +0000,Restuarant,7.2
2022-08-03 04:57:19 +0000,Market,1.4
2022-08-03 06:31:31 +0000,Market,4.8
2022-08-03 06:32:08 +0000,Sport,68.3
2022-08-03 11:30:32 +0000,Restuarant,5
2022-08-03 14:40:23 +0000,Coffe,7.6
2022-08-04 04:55:30 +0000,Market,4.14
2022-08-04 05:50:45 +0000,Market,4.25
2022-08-04 10:31:16 +0000,Restuarant,5
2022-08-05 04:01:58 +0000,Transport,5
2022-08-05 05:01:59 +0000,Market,1.4
2022-08-05 09:07:01 +0000,Restuarant,9
2022-08-06 07:22:47 +0000,Transport,1.6
2022-08-06 07:24:57 +0000,Coffe,7.6
2022-08-06 13:45:46 +0000,Market,0.42
2022-08-06 13:45:51 +0000,Restuarant,7
2022-08-07 11:26:56 +0000,Market,0.46
2022-08-07 15:31:36 +0000,Restuarant,24
2022-08-08 05:04:56 +0000,Market,1.4
2022-08-08 08:30:46 +0000,Restuarant,3.5
2022-08-08 15:43:37 +0000,Transport,0.5
2022-08-09 09:21:41 +0000,Restuarant,4
2022-08-09 09:21:57 +0000,Market,1.45
2022-08-09 12:35:45 +0000,Market,1.9
2022-08-09 17:48:55 +0000,Coffe,6
2022-08-10 06:13:21 +0000,Events,12
2022-08-10 14:09:34 +0000,Restuarant,5
2022-08-10 14:17:53 +0000,Coffe,7.6
2022-08-11 04:42:14 +0000,Market,1.4
2022-08-11 05:57:33 +0000,Phone,4
2022-08-11 06:04:54 +0000,Phone,5
2022-08-11 08:35:30 +0000,Restuarant,5
2022-08-11 16:50:44 +0000,Coffe,7
2022-08-11 17:46:33 +0000,Market,10.8
2022-08-12 04:45:03 +0000,Market,1.43
2022-08-12 09:46:46 +0000,Market,1.43
2022-08-12 10:36:35 +0000,Restuarant,4.5
2022-08-12 11:12:19 +0000,Events,13.3
2022-08-12 12:13:20 +0000,Learning,220
2022-08-12 15:42:41 +0000,Market,8.64
2022-08-13 05:27:54 +0000,Transport,6
2022-08-13 05:50:02 +0000,Transport,1
2022-08-13 09:31:09 +0000,Restuarant,13
2022-08-13 09:31:13 +0000,Coffe,6
2022-08-13 09:31:32 +0000,Coffe,6
2022-08-13 14:39:33 +0000,Learning,2.3
2022-08-13 15:32:31 +0000,Transport,5
2022-08-14 06:41:57 +0000,Coffe,7.6
2022-08-14 08:01:58 +0000,Coffe,7.5
2022-08-14 09:41:05 +0000,Coffe,7.6
2022-08-14 12:40:47 +0000,Coffe,6.3
2022-08-14 15:55:13 +0000,Restuarant,20
2022-08-15 07:26:16 +0000,Market,7.45
2022-08-15 19:12:02 +0000,Restuarant,10
2022-08-15 19:12:03 +0000,Transport,2
2022-08-16 04:24:19 +0000,Market,3.1
2022-08-16 05:20:42 +0000,Learning,30
2022-08-16 08:37:20 +0000,Restuarant,5.5
2022-08-16 17:27:54 +0000,Coffe,6.3
2022-08-16 17:27:57 +0000,Restuarant,5
2022-08-17 02:47:05 +0000,Transport,4
2022-08-17 03:02:23 +0000,Transport,1
2022-08-17 04:28:32 +0000,Market,2.8
2022-08-17 09:55:39 +0000,Restuarant,5.5
2022-08-17 19:07:58 +0000,Market,8.48
2022-08-18 09:16:16 +0000,Restuarant,13
2022-08-18 19:23:24 +0000,Market,6.78
2022-08-19 04:28:17 +0000,Market,11.25
2022-08-19 04:28:20 +0000,Transport,4
2022-08-19 10:09:05 +0000,Phone,12
2022-08-19 16:58:44 +0000,Restuarant,10
2022-08-20 06:50:04 +0000,Restuarant,37
2022-08-20 06:50:06 +0000,Transport,2
2022-08-20 12:17:15 +0000,Coffe,7.6
2022-08-21 08:46:12 +0000,Coffe,7.6
2022-08-21 11:29:50 +0000,Coffe,6.7
2022-08-21 12:39:07 +0000,Transport,1.3
2022-08-21 15:24:17 +0000,Coffe,13
2022-08-22 04:50:11 +0000,Market,6
2022-08-22 08:57:45 +0000,Restuarant,5
2022-08-23 09:00:30 +0000,Restuarant,5
2022-08-24 04:20:44 +0000,Transport,2
2022-08-24 04:21:54 +0000,Communal,150
2022-08-24 11:11:27 +0000,Restuarant,42.53
2022-08-24 14:57:43 +0000,Coffe,7.6
2022-08-24 18:42:57 +0000,Market,3.6
2022-08-25 13:28:33 +0000,Coffe,11.1
2022-08-25 15:14:26 +0000,Coffe,7.6
2022-08-25 17:13:04 +0000,Coffe,6.4
2022-08-25 19:57:49 +0000,Market,4.78
2022-08-26 11:24:54 +0000,Coffe,7.6
2022-08-26 14:22:44 +0000,Coffe,6.5
2022-08-26 14:46:51 +0000,Coffe,7.6
2022-08-26 19:22:57 +0000,Restuarant,9.5
2022-08-26 19:22:59 +0000,Transport,2
2022-08-27 06:39:10 +0000,Transport,4
2022-08-27 08:13:02 +0000,Coffe,9
2022-08-27 10:46:17 +0000,Market,0.87
2022-08-27 13:30:26 +0000,Coffe,7.6
2022-08-27 15:14:03 +0000,Coffe,6.7
2022-08-27 19:10:58 +0000,Restuarant,10
2022-08-27 19:59:10 +0000,Market,5.7
2022-08-28 09:48:55 +0000,Transport,2
2022-08-28 10:17:35 +0000,Coffe,7.6
2022-08-28 12:22:39 +0000,Coffe,7.6
2022-08-28 16:40:34 +0000,Coffe,15.2
2022-08-29 08:35:23 +0000,Restuarant,3
2022-08-29 10:05:37 +0000,Restuarant,14
2022-08-29 15:19:54 +0000,Restuarant,10
2022-08-29 15:59:24 +0000,Market,1.7
2022-08-30 04:53:30 +0000,Market,1.6
2022-08-30 11:06:48 +0000,Restuarant,17.6
2022-08-30 15:13:47 +0000,Market,13.71
2022-08-31 04:22:11 +0000,Market,16.35
2022-08-31 09:48:00 +0000,Restuarant,8
2022-08-31 14:23:57 +0000,Coffe,6.6
2022-08-31 16:34:21 +0000,Coffe,11.4
2022-08-31 17:52:48 +0000,Transport,5
2022-09-01 09:47:27 +0000,Restuarant,8.4
2022-09-01 18:50:16 +0000,Restuarant,30
2022-09-01 21:06:18 +0000,Transport,4
2022-09-01 21:06:22 +0000,Restuarant,12.5
2022-09-02 04:28:35 +0000,Transport,4
2022-09-02 10:11:30 +0000,Restuarant,5
2022-09-02 15:58:30 +0000,Coffe,7.6
2022-09-02 18:18:54 +0000,Restuarant,3.9
2022-09-03 08:03:07 +0000,Health,10
2022-09-03 13:26:32 +0000,Coffe,14.1
2022-09-03 14:23:34 +0000,Market,1.12
2022-09-03 15:52:37 +0000,Coffe,7.6
2022-09-03 19:16:55 +0000,Market,9.62
2022-09-04 06:50:53 +0000,Market,2.7
2022-09-04 06:50:56 +0000,Taxi,5.7
2022-09-04 09:11:50 +0000,Coffe,7.6
2022-09-04 09:12:07 +0000,Restuarant,24
2022-09-04 11:12:36 +0000,Market,6.83
2022-09-04 19:46:17 +0000,Communal,9
2022-09-04 19:46:20 +0000,Communal,150
2022-09-04 19:46:30 +0000,Market,12.5
2022-09-04 19:46:44 +0000,Communal,12.5
2022-09-05 05:05:17 +0000,Market,11.65
2022-09-05 09:37:25 +0000,Events,12.5
2022-09-05 10:46:06 +0000,Business lunch,4.5
2022-09-05 15:11:08 +0000,Market,7.19
2022-09-06 04:51:51 +0000,Market,6.5
2022-09-06 16:20:41 +0000,Events,200
2022-09-06 16:30:24 +0000,Restuarant,7
2022-09-06 16:30:26 +0000,Restuarant,1
2022-09-07 18:42:54 +0000,Restuarant,13
2022-09-07 18:43:01 +0000,Business lunch,4.5
2022-09-08 08:42:16 +0000,Business lunch,4.5
2022-09-08 15:43:50 +0000,Coffe,7.6
2022-09-09 10:31:31 +0000,Business lunch,9
2022-09-09 14:31:05 +0000,Coffe,7.6
2022-09-10 08:09:26 +0000,Restuarant,25
2022-09-10 09:28:20 +0000,Taxi,4
2022-09-10 10:53:52 +0000,Coffe,7.6
2022-09-10 11:57:45 +0000,Coffe,7.6
2022-09-10 13:19:32 +0000,Coffe,6.5
2022-09-10 17:17:30 +0000,Coffe,6.7
2022-09-10 18:39:45 +0000,Restuarant,18
2022-09-10 18:39:47 +0000,Coffe,6.5
2022-09-10 21:26:25 +0000,Taxi,4
2022-09-11 09:58:22 +0000,Restuarant,7
2022-09-11 09:58:25 +0000,Taxi,3
2022-09-11 12:12:42 +0000,Coffe,6.7
2022-09-11 12:56:01 +0000,Coffe,7.6
2022-09-11 14:57:39 +0000,Coffe,6.5
2022-09-11 18:34:57 +0000,Market,1.15
2022-09-12 14:40:09 +0000,Phone,5
2022-09-12 14:40:16 +0000,Business lunch,3.5
2022-09-12 15:23:18 +0000,Restuarant,1
2022-09-12 17:58:50 +0000,Coffe,7.6
2022-09-12 19:08:02 +0000,Market,2.6
2022-09-13 05:17:42 +0000,Market,7.34
2022-09-13 10:37:33 +0000,Business lunch,2
2022-09-13 19:22:57 +0000,Taxi,4.5
2022-09-13 19:23:03 +0000,Restuarant,9.5
2022-09-14 04:54:40 +0000,Market,6.65
2022-09-14 09:19:13 +0000,Business lunch,8.5
2022-09-15 10:29:47 +0000,Business lunch,8.4
2022-09-15 19:25:31 +0000,Coffe,14.2
2022-09-16 09:33:08 +0000,Market,0.9
2022-09-16 09:33:10 +0000,Business lunch,6
2022-09-16 12:24:22 +0000,Travel,50
2022-09-16 15:50:46 +0000,Coffe,7.6
2022-09-16 15:50:48 +0000,Restuarant,8
2022-09-16 15:50:52 +0000,Business lunch,0.6
2022-09-16 19:04:17 +0000,Market,5.6
2022-09-17 07:51:20 +0000,Coffe,6.5
2022-09-17 07:51:29 +0000,Restuarant,12
2022-09-17 07:51:32 +0000,Coffe,6.5
2022-09-17 10:37:54 +0000,Taxi,3
2022-09-17 11:49:14 +0000,Transport,5
2022-09-17 12:24:45 +0000,Coffe,7.6
2022-09-17 15:39:47 +0000,Coffe,6.5
2022-09-17 17:34:30 +0000,Market,2.6
2022-09-17 17:49:22 +0000,Taxi,3
2022-09-19 12:39:04 +0000,Business lunch,8.4
2022-09-19 15:38:26 +0000,Coffe,7.6
2022-09-19 19:34:10 +0000,Market,13
2022-09-20 09:09:44 +0000,Business lunch,8.4
2022-09-20 15:18:34 +0000,Coffe,7.6
2022-09-20 16:48:53 +0000,Coffe,6.5
2022-09-21 04:47:31 +0000,Coffe,1.8
2022-09-21 09:56:31 +0000,Business lunch,8.4
2022-09-21 15:48:35 +0000,Restuarant,9
2022-09-21 18:41:51 +0000,Market,1.7
2022-09-22 16:09:57 +0000,Coffe,7.6
2022-09-22 17:17:53 +0000,Phone,2
2022-09-22 19:38:45 +0000,Market,1.2
2022-09-23 16:32:21 +0000,Coffe,6.5
2022-09-23 16:32:24 +0000,Restuarant,25
2022-09-23 18:45:07 +0000,Coffe,6.7
2022-09-23 20:37:29 +0000,Market,4.7
2022-09-24 06:48:54 +0000,Taxi,4
2022-09-24 12:26:52 +0000,Coffe,25
2022-09-24 14:30:23 +0000,Transport,3
2022-09-24 15:51:02 +0000,Restuarant,16
2022-09-24 17:11:31 +0000,Taxi,1.4
2022-09-24 18:28:24 +0000,Taxi,2.5
2022-09-24 18:46:38 +0000,Market,4
2022-09-25 09:36:43 +0000,Coffe,7.6
2022-09-25 09:36:44 +0000,Phone,3
2022-09-25 11:04:20 +0000,Coffe,11.6
2022-09-25 16:26:47 +0000,Restuarant,15
2022-09-25 18:13:56 +0000,Market,3
2022-09-25 18:39:51 +0000,Restuarant,10.5
2022-09-26 04:05:41 +0000,Transport,1
2022-09-26 09:18:49 +0000,Business lunch,9
2022-09-26 09:42:03 +0000,Market,1.83
2022-09-26 15:02:08 +0000,Coffe,7.6
2022-09-26 19:38:55 +0000,Market,2.55
2022-09-27 04:24:19 +0000,Taxi,4
2022-09-27 16:18:55 +0000,Coffe,7.6
2022-09-27 20:00:34 +0000,Market,9
2022-09-28 09:59:45 +0000,Business lunch,8.3
2022-09-28 13:47:37 +0000,Phone,4
2022-09-28 17:47:46 +0000,Restuarant,19
2022-09-28 19:00:51 +0000,Taxi,4
2022-09-29 11:02:09 +0000,Business lunch,8.5
2022-09-29 16:06:48 +0000,Market,2.55
2022-09-30 04:42:46 +0000,Market,4
2022-09-30 09:28:52 +0000,Market,0.9
2022-09-30 09:28:55 +0000,Business lunch,12
2022-09-30 15:05:22 +0000,Coffe,14
2022-09-30 16:47:44 +0000,Coffe,6.7
2022-09-30 21:00:19 +0000,Taxi,4
2022-10-01 06:05:39 +0000,Coffe,5.7
2022-10-01 07:48:49 +0000,Restuarant,38.5
2022-10-01 08:04:41 +0000,Coffe,11
2022-10-01 10:57:56 +0000,Coffe,5.7
2022-10-01 13:54:34 +0000,Market,15.6
2022-10-01 14:24:15 +0000,Clothing,45
2022-10-01 14:50:35 +0000,Clothing,153
2022-10-01 15:02:52 +0000,Clothing,50
2022-10-01 15:41:18 +0000,Coffe,4.55
2022-10-02 05:35:56 +0000,Taxi,4
2022-10-02 10:54:54 +0000,Coffe,11.4
2022-10-02 11:30:54 +0000,Restuarant,14
2022-10-02 11:31:51 +0000,Film/enjoyment,7
2022-10-02 12:52:12 +0000,Restuarant,9.5
2022-10-02 16:07:28 +0000,Transport,3
2022-10-02 16:58:58 +0000,Market,2
2022-10-03 05:04:56 +0000,Market,1
2022-10-03 09:24:19 +0000,Business lunch,9
2022-10-03 15:28:36 +0000,Restuarant,10
2022-10-03 15:53:05 +0000,Market,3.3
2022-10-04 05:09:32 +0000,Market,4.1
2022-10-04 08:42:43 +0000,Business lunch,3
2022-10-04 13:35:12 +0000,Health,10
2022-10-04 17:27:15 +0000,Restuarant,10
2022-10-05 04:50:48 +0000,Market,1.9
2022-10-05 08:58:10 +0000,Business lunch,5
2022-10-05 15:02:36 +0000,Coffe,7.6
2022-10-05 19:38:34 +0000,Coffe,7
2022-10-06 06:46:30 +0000,Market,1
2022-10-06 11:56:56 +0000,Travel,60.2
2022-10-06 11:57:02 +0000,Coffe,5.7
2022-10-06 12:05:39 +0000,Coffe,5.7
2022-10-06 17:29:26 +0000,Restuarant,11
2022-10-06 17:40:04 +0000,Transport,0.9
2022-10-06 18:03:26 +0000,Market,3
2022-10-07 04:52:02 +0000,Market,2.2
2022-10-07 09:11:45 +0000,Business lunch,10
2022-10-07 10:32:38 +0000,Coffe,7
2022-10-07 17:46:25 +0000,Market,2
2022-10-08 05:10:24 +0000,Communal,45
2022-10-08 05:10:26 +0000,Market,5
2022-10-08 05:57:17 +0000,Phone,3
2022-10-08 07:39:53 +0000,Coffe,13
2022-10-08 09:20:38 +0000,Coffe,6.7
2022-10-08 11:46:28 +0000,Coffe,6.7
2022-10-08 15:44:06 +0000,Restuarant,30
2022-10-09 06:59:43 +0000,Transport,7
2022-10-09 07:28:13 +0000,Phone,10
2022-10-09 10:15:41 +0000,Coffe,19
2022-10-09 11:30:33 +0000,Coffe,6.7
2022-10-09 17:35:33 +0000,Restuarant,12
2022-10-09 17:35:36 +0000,Coffe,6.7
2022-10-09 20:33:58 +0000,Taxi,6
2022-10-09 20:55:18 +0000,Market,2.8
2022-10-10 05:22:11 +0000,Coffe,5.7
2022-10-10 08:17:31 +0000,Coffe,6.7
2022-10-10 11:27:54 +0000,Coffe,6.6
2022-10-10 11:27:56 +0000,Coffe,1.6
2022-10-10 17:39:46 +0000,Restuarant,16
2022-10-10 17:39:56 +0000,Coffe,16
2022-10-11 05:00:14 +0000,Market,1
2022-10-11 09:34:57 +0000,Business lunch,9
2022-10-11 10:22:25 +0000,Restuarant,7
2022-10-11 15:01:28 +0000,Coffe,6.7
2022-10-11 15:45:08 +0000,Learning,6.7
2022-10-11 15:50:45 +0000,Coffe,6.7
2022-10-11 17:12:47 +0000,Transport,1
2022-10-11 18:01:37 +0000,Market,1.2
2022-10-12 05:07:19 +0000,Market,1
2022-10-12 10:28:23 +0000,Restuarant,14
2022-10-12 10:28:25 +0000,Business lunch,5
2022-10-12 14:45:32 +0000,Coffe,5.7
2022-10-12 16:21:50 +0000,Coffe,5.7
2022-10-13 04:19:01 +0000,Events,20
2022-10-13 05:04:27 +0000,Market,3.7
2022-10-13 09:17:00 +0000,Business lunch,9
2022-10-13 09:17:21 +0000,Restuarant,14
2022-10-13 12:19:03 +0000,Market,0.6
2022-10-13 14:35:09 +0000,Coffe,7
2022-10-13 16:28:04 +0000,Coffe,5.7
2022-10-13 19:30:06 +0000,Market,5.49
2022-10-14 04:25:26 +0000,Market,1.5
2022-10-14 09:38:09 +0000,Business lunch,11
2022-10-14 14:39:30 +0000,Coffe,5.7
2022-10-14 16:36:10 +0000,Coffe,6.77
2022-10-15 10:29:23 +0000,Taxi,5
2022-10-15 10:29:37 +0000,Coffe,5.7
2022-10-15 10:51:31 +0000,Coffe,11.2
2022-10-15 11:36:06 +0000,Clothing,100
2022-10-15 14:03:54 +0000,Coffe,5.7
2022-10-15 15:21:28 +0000,Coffe,5.4
2022-10-15 19:11:40 +0000,Market,1
2022-10-15 19:11:50 +0000,Market,0.7
2022-10-16 09:46:17 +0000,Restuarant,11
2022-10-16 11:59:06 +0000,Restuarant,2
2022-10-16 14:09:32 +0000,Coffe,6.5
2022-10-16 14:50:01 +0000,Transport,2
2022-10-16 15:39:12 +0000,Market,9
2022-10-17 06:19:06 +0000,Communal,150
2022-10-17 10:04:30 +0000,Business lunch,10
2022-10-18 03:41:06 +0000,Market,1.8
2022-10-18 08:39:21 +0000,Business lunch,4
2022-10-18 09:28:52 +0000,Market,0.6
2022-10-18 18:17:46 +0000,Transport,2
2022-10-18 18:21:02 +0000,Restuarant,18
2022-10-19 06:40:18 +0000,Learning,21
2022-10-19 06:40:34 +0000,Coffe,11.4
2022-10-19 09:51:42 +0000,Restuarant,5.2
2022-10-19 10:27:13 +0000,Coffe,6.7
2022-10-19 12:50:03 +0000,Coffe,5.7
2022-10-19 17:50:07 +0000,Restuarant,12
2022-10-19 18:23:40 +0000,Sport,2.46
2022-10-20 07:45:42 +0000,Coffe,13
2022-10-20 07:49:10 +0000,Phone,1
2022-10-20 08:01:52 +0000,Coffe,5.7
2022-10-20 09:49:02 +0000,Coffe,6
2022-10-20 13:25:26 +0000,Coffe,7
2022-10-20 14:50:37 +0000,Coffe,6
2022-10-20 15:29:26 +0000,Coffe,1.6
2022-10-21 13:25:10 +0000,Coffe,11.5
2022-10-21 16:49:44 +0000,Coffe,13.2
2022-10-22 07:57:18 +0000,Learning,135
2022-10-22 11:35:57 +0000,Coffe,14
2022-10-22 15:42:41 +0000,Coffe,5.7
2022-10-22 16:40:20 +0000,Market,4.43
2022-10-23 11:18:11 +0000,Coffe,10.5
2022-10-23 11:53:04 +0000,Taxi,4
2022-10-23 12:51:04 +0000,Coffe,5.7
2022-10-23 13:06:50 +0000,Transport,5
2022-10-23 14:26:54 +0000,Coffe,11.7
2022-10-23 17:10:34 +0000,Market,6
2022-10-24 04:46:58 +0000,Market,1
2022-10-24 05:19:04 +0000,Learning,43
2022-10-24 09:45:33 +0000,Business lunch,7
2022-10-24 12:58:50 +0000,Coffe,0.6
2022-10-24 14:07:37 +0000,Coffe,7.7
2022-10-24 16:45:36 +0000,Coffe,5.7
2022-10-25 08:19:42 +0000,Business lunch,5
2022-10-25 08:20:03 +0000,Phone,5
2022-10-25 09:46:21 +0000,Coffe,6
2022-10-25 14:35:52 +0000,Coffe,12
2022-10-25 18:53:02 +0000,Restuarant,4
2022-10-26 04:55:08 +0000,Market,4.5
2022-10-26 19:01:41 +0000,Coffe,7.7
2022-10-26 19:08:52 +0000,Business lunch,11.52
2022-10-27 09:08:10 +0000,Business lunch,41
2022-10-27 09:24:48 +0000,Market,0.6
2022-10-28 03:31:25 +0000,Market,1.9
2022-10-28 09:39:43 +0000,Business lunch,10
2022-10-28 14:27:44 +0000,Coffe,10.4
2022-10-29 06:58:58 +0000,Coffe,13
2022-10-29 06:59:00 +0000,Restuarant,39
2022-10-29 09:40:51 +0000,Coffe,5.7
2022-10-29 12:30:17 +0000,Health,10
2022-10-29 12:30:22 +0000,Market,1.2
2022-10-29 12:36:28 +0000,Market,1.5
2022-10-30 05:08:03 +0000,Transport,5
2022-10-30 05:08:11 +0000,Coffe,6.7
2022-10-30 11:10:48 +0000,Transport,3
2022-10-30 11:46:35 +0000,Events,20
2022-10-30 11:47:24 +0000,Restuarant,23
2022-10-30 12:55:08 +0000,Coffe,5.7
2022-10-31 04:47:13 +0000,Market,1
2022-10-31 04:49:21 +0000,Market,20
2022-10-31 09:09:18 +0000,Business lunch,9
2022-10-31 11:17:48 +0000,Coffe,2.7
2022-10-31 18:06:28 +0000,Coffe,7
2022-10-31 18:06:31 +0000,Restuarant,6
2022-11-01 04:48:38 +0000,Market,1.9
2022-11-01 10:11:55 +0000,Business lunch,9
2022-11-01 15:38:00 +0000,Transport,4
2022-11-02 05:04:43 +0000,Market,1.5
2022-11-02 05:09:46 +0000,Phone,10
2022-11-02 07:15:31 +0000,Market,3.14
2022-11-02 09:11:09 +0000,Business lunch,5.5
2022-11-02 14:26:45 +0000,Coffe,8
2022-11-03 05:04:13 +0000,Market,1.92
2022-11-03 08:54:27 +0000,Business lunch,6
2022-11-03 14:35:37 +0000,Coffe,6.7
2022-11-04 06:41:26 +0000,Market,6.3
2022-11-04 08:52:46 +0000,Business lunch,6
2022-11-04 10:28:03 +0000,Coffe,6.58
2022-11-04 10:28:06 +0000,Market,0.6
2022-11-04 14:23:23 +0000,Coffe,7
2022-11-04 18:12:18 +0000,Restuarant,39
2022-11-05 05:12:30 +0000,Market,2.22
2022-11-05 09:46:01 +0000,Market,1.32
2022-11-05 09:46:05 +0000,Business lunch,10
2022-11-05 14:47:50 +0000,Coffe,5.7
2022-11-05 16:02:04 +0000,Coffe,5.7
2022-11-05 17:50:42 +0000,Market,7.2
2022-11-06 09:22:16 +0000,Transport,0.7
2022-11-06 11:34:16 +0000,Coffe,15.7
2022-11-06 13:53:38 +0000,Coffe,12.6
2022-11-06 17:08:45 +0000,Market,8.7
2022-11-07 06:12:35 +0000,Market,4.2
2022-11-07 06:58:50 +0000,Coffe,6.1
2022-11-07 12:36:17 +0000,Restuarant,9.45
2022-11-08 09:45:58 +0000,Coffe,10.3
2022-11-08 11:40:34 +0000,Coffe,6.5
2022-11-08 14:08:41 +0000,Coffe,6.1
2022-11-08 17:32:55 +0000,Market,23.77
2022-11-09 10:13:11 +0000,Coffe,6.1
2022-11-09 13:59:22 +0000,Coffe,6.1
2022-11-09 14:02:31 +0000,Transport,3
2022-11-09 16:49:25 +0000,Restuarant,5.4
2022-11-10 09:51:06 +0000,Coffe,6.1
2022-11-10 11:58:29 +0000,Restuarant,7.1
2022-11-10 12:04:12 +0000,Coffe,6.7
2022-11-10 14:01:47 +0000,Coffe,6.1
2022-11-11 03:30:22 +0000,Taxi,7
2022-11-11 03:30:23 +0000,Taxi,6
2022-11-11 05:04:14 +0000,Market,12
2022-11-11 05:53:00 +0000,Taxi,3
2022-11-11 07:20:38 +0000,Taxi,6
2022-11-11 07:20:41 +0000,Taxi,5
2022-11-11 09:01:46 +0000,Restuarant,7.1
2022-11-11 09:01:50 +0000,Transport,0.6
2022-11-11 14:24:01 +0000,Coffe,7
2022-11-11 15:45:00 +0000,Coffe,1.5
2022-11-11 20:12:18 +0000,Market,7.67
2022-11-12 12:38:55 +0000,Coffe,17.6
2022-11-12 14:44:51 +0000,Coffe,6.1
2022-11-12 18:46:31 +0000,Market,8.52
2022-11-13 06:45:38 +0000,Coffe,6.1
2022-11-13 11:21:11 +0000,Coffe,13
2022-11-14 04:11:22 +0000,Market,4.32
2022-11-14 11:06:59 +0000,Market,8
2022-11-14 11:08:52 +0000,Business lunch,5
2022-11-14 14:48:09 +0000,Coffe,6.1
2022-11-14 15:44:53 +0000,Coffe,6.1
2022-11-14 17:08:57 +0000,Coffe,6.5
2022-11-14 19:24:49 +0000,Market,2.9
2022-11-15 10:45:39 +0000,Market,1.94
2022-11-15 10:45:59 +0000,Market,0.65
2022-11-15 10:46:00 +0000,Business lunch,15
2022-11-15 15:46:18 +0000,Coffe,7
2022-11-16 04:25:32 +0000,Health,10
2022-11-16 04:52:09 +0000,Market,1.4
2022-11-16 09:06:10 +0000,Restuarant,6
2022-11-16 14:35:43 +0000,Coffe,6.1
2022-11-16 17:01:36 +0000,Coffe,6.1
2022-11-17 08:57:19 +0000,Business lunch,8
2022-11-17 08:57:23 +0000,Market,2
2022-11-17 18:13:52 +0000,Market,5.63
2022-11-18 04:31:47 +0000,Market,1.37
2022-11-18 09:01:12 +0000,Business lunch,6
2022-11-18 09:51:45 +0000,Market,0.72
2022-11-18 16:45:14 +0000,Coffe,6.1
2022-11-18 17:39:25 +0000,Market,15
2022-11-18 17:39:31 +0000,Learning,8
2022-11-19 16:34:50 +0000,Coffe,6.9
2022-11-19 20:12:29 +0000,Coffe,6.7
2022-11-19 21:48:58 +0000,Taxi,6
2022-11-19 21:50:28 +0000,Market,2.1
2022-11-20 15:04:14 +0000,Coffe,20.1
2022-11-20 15:06:45 +0000,Restuarant,19
2022-11-20 15:18:16 +0000,Coffe,6.7
2022-11-20 15:18:23 +0000,Events,50
2022-11-21 11:15:37 +0000,Coffe,6.7
2022-11-21 13:53:50 +0000,Market,10
2022-11-21 13:57:49 +0000,Coffe,7
2022-11-21 17:32:56 +0000,Restuarant,7.5
2022-11-22 04:02:07 +0000,Market,10
2022-11-22 04:02:16 +0000,Transport,2
2022-11-22 05:20:56 +0000,Learning,17
2022-11-22 05:29:48 +0000,Phone,3
2022-11-22 08:58:37 +0000,Business lunch,7
2022-11-22 09:20:31 +0000,Market,0.7
2022-11-22 09:26:20 +0000,Market,1.45
2022-11-22 16:28:47 +0000,Coffe,6.7
2022-11-22 16:28:55 +0000,Restuarant,18
2022-11-23 04:29:38 +0000,Market,1.6
2022-11-23 09:23:55 +0000,Business lunch,7
2022-11-23 09:41:41 +0000,Market,0.72
2022-11-23 14:32:17 +0000,Coffe,6.7
2022-11-23 17:10:32 +0000,Coffe,6.7
2022-11-24 04:56:09 +0000,Market,1.9
2022-11-24 09:02:05 +0000,Transport,5
2022-11-24 09:02:06 +0000,Business lunch,7
2022-11-24 12:39:35 +0000,Market,1.5
2022-11-24 12:39:38 +0000,Events,7.5
2022-11-24 14:54:36 +0000,Coffe,6.7
2022-11-24 16:37:00 +0000,Market,6.71
2022-11-25 05:27:32 +0000,Market,1.72
2022-11-25 09:03:32 +0000,Business lunch,9
2022-11-25 11:17:43 +0000,Learning,14
2022-11-25 12:17:33 +0000,Coffe,8
2022-11-25 14:07:14 +0000,Coffe,6.2
2022-11-25 14:07:15 +0000,Phone,5
2022-11-25 16:14:04 +0000,Market,5.88
2022-11-26 08:38:56 +0000,Coffe,6.7
2022-11-26 10:10:28 +0000,Restuarant,7.1
2022-11-26 10:35:29 +0000,Coffe,6.7
2022-11-26 10:39:55 +0000,Coffe,6.7
2022-11-26 18:08:31 +0000,Coffe,6.6
2022-11-26 19:20:28 +0000,Market,5.7
2022-11-27 06:57:37 +0000,Coffe,6.7
2022-11-27 10:19:01 +0000,Coffe,6.7
2022-11-27 13:22:30 +0000,Market,4
2022-11-28 04:48:55 +0000,Market,1.17
2022-11-28 10:34:45 +0000,Restuarant,14
2022-11-28 10:34:46 +0000,Business lunch,7
2022-11-28 15:36:22 +0000,Transport,1
2022-11-29 05:44:52 +0000,Taxi,2
2022-11-29 08:59:53 +0000,Taxi,2
2022-11-29 08:59:56 +0000,Taxi,3.62
2022-11-29 08:59:58 +0000,Coffe,5
2022-11-29 16:03:25 +0000,Market,3.62
2022-11-30 04:52:45 +0000,Market,1.4
2022-11-30 09:55:49 +0000,Business lunch,8
2022-11-30 14:32:16 +0000,Coffe,7.1
2022-11-30 15:45:21 +0000,Coffe,4
2022-11-30 18:40:24 +0000,Restuarant,11.5
2022-12-01 04:45:09 +0000,Market,2.7
2022-12-01 13:13:37 +0000,Business lunch,7
2022-12-01 14:26:59 +0000,Coffe,6.7
2022-12-01 17:14:25 +0000,Transport,6
2022-12-02 05:01:19 +0000,Market,9.5
2022-12-02 07:40:21 +0000,Phone,0.88
2022-12-02 09:59:37 +0000,Health,57
2022-12-02 09:59:41 +0000,Business lunch,10
2022-12-02 14:29:42 +0000,Coffe,6.7
2022-12-02 19:24:43 +0000,Market,7.7
2022-12-03 06:33:32 +0000,Coffe,6.7
2022-12-03 08:37:27 +0000,Coffe,6.7
2022-12-03 11:54:34 +0000,Coffe,6.7
2022-12-03 13:55:44 +0000,Coffe,6.7
2022-12-03 17:04:40 +0000,Market,19
2022-12-03 17:09:27 +0000,Health,10
2022-12-04 04:38:41 +0000,Coffe,6.9
2022-12-04 06:33:05 +0000,Coffe,6.5
2022-12-04 09:45:50 +0000,Restuarant,5.2
2022-12-04 09:48:53 +0000,Coffe,6.7
2022-12-04 11:29:31 +0000,Coffe,6.7
2022-12-04 14:13:15 +0000,Clothing,7
2022-12-04 14:34:46 +0000,Coffe,6.1
2022-12-05 06:20:37 +0000,Learning,20
2022-12-05 06:59:18 +0000,Travel,55
2022-12-05 12:52:11 +0000,Business lunch,10
2022-12-05 14:31:07 +0000,Coffe,7.6
2022-12-05 15:52:45 +0000,Coffe,7.6
2022-12-05 18:29:24 +0000,Market,11.7
2022-12-06 09:23:04 +0000,Business lunch,7
2022-12-06 14:34:15 +0000,Coffe,6.7
2022-12-06 18:15:46 +0000,Market,8
2022-12-07 04:47:30 +0000,Coffe,3.23
2022-12-07 07:14:31 +0000,Market,20
2022-12-07 08:59:54 +0000,Business lunch,7
2022-12-08 11:15:38 +0000,Restuarant,5.2
2022-12-08 13:20:44 +0000,Coffe,6.7
2022-12-08 14:29:19 +0000,Coffe,6.7
2022-12-08 14:47:28 +0000,Coffe,6.7
2022-12-08 16:37:18 +0000,Coffe,7
2022-12-09 09:51:27 +0000,Coffe,7.6
2022-12-09 11:38:26 +0000,Coffe,6.9
2022-12-09 13:51:02 +0000,Coffe,13.6
2022-12-09 16:12:31 +0000,Coffe,6.7
2022-12-09 18:16:59 +0000,Market,9.75
2022-12-10 07:41:51 +0000,Coffe,6.7
2022-12-10 11:47:47 +0000,Coffe,6.7
2022-12-10 14:38:13 +0000,Market,6.8
2022-12-11 08:43:51 +0000,Restuarant,13.2
2022-12-11 08:56:44 +0000,Market,10
2022-12-11 09:25:50 +0000,Coffe,6.7
2022-12-12 04:46:40 +0000,Market,9.23
2022-12-12 09:32:50 +0000,Business lunch,7
2022-12-12 09:32:56 +0000,Events,12.5
2022-12-12 14:29:52 +0000,Coffe,6.7
2022-12-12 17:39:23 +0000,Market,13
2022-12-12 17:40:44 +0000,Health,36
2022-12-13 03:15:17 +0000,Learning,18
2022-12-13 07:39:08 +0000,Communal,170
2022-12-13 11:03:46 +0000,Business lunch,7
2022-12-13 14:36:42 +0000,Coffe,6.7
2022-12-13 17:12:47 +0000,Market,6.22
2022-12-14 05:11:13 +0000,Market,4.23
2022-12-14 05:17:25 +0000,Clothing,200
2022-12-14 10:12:47 +0000,Business lunch,7
2022-12-14 14:40:23 +0000,Coffe,6.7
2022-12-14 16:26:46 +0000,Coffe,6.7
2022-12-15 05:32:09 +0000,Market,6.4
2022-12-15 09:32:46 +0000,Business lunch,10
2022-12-15 14:35:52 +0000,Coffe,6.7
2022-12-15 16:45:02 +0000,Coffe,6.7
2022-12-16 04:40:56 +0000,Market,6
2022-12-16 09:25:34 +0000,Business lunch,10
2022-12-16 14:28:25 +0000,Coffe,7
2022-12-16 16:08:57 +0000,Phone,1.7
2022-12-16 17:39:44 +0000,Transport,5
2022-12-16 18:39:02 +0000,Market,9.2
2022-12-18 14:05:30 +0000,Learning,10
2022-12-18 14:10:46 +0000,Coffe,6.7
2022-12-18 17:52:54 +0000,Market,12.3
2022-12-19 09:40:35 +0000,Market,1.4
2022-12-19 09:40:39 +0000,Business lunch,5
2022-12-19 14:39:19 +0000,Coffe,6.7
2022-12-20 04:50:56 +0000,Market,3.51
2022-12-20 08:41:42 +0000,Phone,1.21
2022-12-20 09:34:48 +0000,Business lunch,10
2022-12-20 09:35:45 +0000,Market,0.5
2022-12-20 15:19:58 +0000,Coffe,6.7
2022-12-21 09:16:18 +0000,Business lunch,7
2022-12-21 10:23:01 +0000,Coffe,6.7
2022-12-21 13:53:40 +0000,Coffe,6.7
2022-12-21 16:30:38 +0000,Coffe,6.7
2022-12-22 04:52:54 +0000,Market,3
2022-12-22 09:17:45 +0000,Business lunch,7
2022-12-22 14:29:31 +0000,Coffe,6.7
2022-12-23 09:24:17 +0000,Market,1.22
2022-12-23 09:24:25 +0000,Business lunch,6
2022-12-23 14:39:03 +0000,Coffe,6.7
2022-12-23 16:39:46 +0000,Coffe,6.7
2022-12-24 10:24:55 +0000,Coffe,6.7
2022-12-24 10:24:58 +0000,Restuarant,20
2022-12-24 12:23:00 +0000,Coffe,6.7
2022-12-24 14:18:34 +0000,Coffe,6.7
2022-12-24 15:12:19 +0000,Learning,24
2022-12-24 18:32:29 +0000,Market,1.44
2022-12-25 08:08:47 +0000,Restuarant,5.2
2022-12-25 08:14:53 +0000,Coffe,6.7
2022-12-25 10:09:16 +0000,Coffe,6.7
2022-12-25 12:07:29 +0000,Coffe,13.6
2022-12-25 13:53:35 +0000,Coffe,6.7
2022-12-25 17:50:06 +0000,Market,15
2022-12-26 04:21:53 +0000,Transport,2
2022-12-26 04:48:45 +0000,Market,4
2022-12-26 05:20:09 +0000,Market,3
2022-12-26 05:20:12 +0000,Phone,15
2022-12-26 09:59:57 +0000,Business lunch,6
2022-12-26 14:32:07 +0000,Coffe,6.7
2022-12-26 16:55:17 +0000,Transport,3
2022-12-26 18:40:32 +0000,Market,2.23
2022-12-27 08:56:09 +0000,Market,1.15
2022-12-27 10:37:58 +0000,Coffe,6.7
2022-12-27 10:38:09 +0000,Transport,3
2022-12-27 14:00:52 +0000,Coffe,6.7
2022-12-27 15:32:04 +0000,Coffe,13.5
2022-12-27 19:25:08 +0000,Market,4
2022-12-28 07:51:17 +0000,Other,10
2022-12-28 11:38:26 +0000,Taxi,15
2022-12-28 11:38:33 +0000,Other,20
2022-12-28 11:38:41 +0000,Restuarant,16
2022-12-28 11:57:35 +0000,Taxi,1
2022-12-28 13:55:59 +0000,Coffe,6.7
2022-12-28 17:30:58 +0000,Health,10
2022-12-28 17:31:06 +0000,Market,3.8
2022-12-29 09:38:25 +0000,Taxi,2.4
2022-12-29 09:48:50 +0000,Taxi,3.63
2022-12-29 11:00:28 +0000,Coffe,10.7
2022-12-29 11:08:47 +0000,Coffe,6.7
2022-12-29 14:25:26 +0000,Taxi,4
2022-12-29 14:27:21 +0000,Taxi,2
2022-12-29 19:56:10 +0000,Transport,5
2022-12-30 05:43:43 +0000,Market,1.8
2022-12-30 14:19:03 +0000,Business lunch,6
2022-12-30 14:19:06 +0000,Coffe,6.7
2022-12-30 14:19:08 +0000,Coffe,6.7
2022-12-30 17:56:25 +0000,Market,34
2022-12-31 16:23:12 +0000,Learning,17
2023-01-01 09:07:14 +0000,Restuarant,52
2023-01-01 09:42:07 +0000,Coffe,20
2023-01-01 14:03:21 +0000,Coffe,6.7
2023-01-01 15:43:11 +0000,Coffe,6.7
2023-01-02 07:11:02 +0000,Transport,0.8
2023-01-02 07:42:35 +0000,Coffe,13.9
2023-01-02 09:15:36 +0000,Coffe,6.7
2023-01-02 12:09:17 +0000,Coffe,6.7
2023-01-02 14:18:35 +0000,Coffe,6.7
2023-01-02 14:28:57 +0000,Coffe,7
2023-01-02 15:43:28 +0000,Learning,6.9
2023-01-02 16:46:06 +0000,Market,23
2023-01-03 09:08:55 +0000,Coffe,6.7
2023-01-03 12:06:21 +0000,Coffe,6.7
2023-01-03 14:30:44 +0000,Coffe,6.7
2023-01-03 17:13:06 +0000,Market,3.7
2023-01-04 08:58:10 +0000,Coffe,6.7
2023-01-04 10:08:09 +0000,Coffe,6.7
2023-01-04 14:07:16 +0000,Coffe,14
2023-01-04 17:23:17 +0000,Health,43.2
2023-01-04 17:23:25 +0000,Market,7.47
2023-01-05 04:48:03 +0000,Market,2.11
2023-01-05 05:44:03 +0000,Coffe,6
2023-01-05 06:07:08 +0000,Sport,68
2023-01-05 12:18:47 +0000,Market,2.14
2023-01-05 14:33:47 +0000,Coffe,6.7
2023-01-05 16:32:15 +0000,Market,1.44
2023-01-06 10:06:02 +0000,Business lunch,17
2023-01-06 12:14:44 +0000,Market,4.4
2023-01-06 14:36:16 +0000,Coffe,6.7
2023-01-06 16:00:32 +0000,Coffe,6.7
2023-01-07 07:57:13 +0000,Coffe,6.7
2023-01-07 07:57:16 +0000,Market,0.9
2023-01-07 10:06:26 +0000,Coffe,7.6
2023-01-07 12:10:49 +0000,Transport,5
2023-01-07 12:58:29 +0000,Market,5.4
2023-01-08 09:53:13 +0000,Coffe,6.7
2023-01-08 11:13:22 +0000,Coffe,6.7
2023-01-08 12:36:44 +0000,Coffe,6.7
2023-01-08 14:05:45 +0000,Coffe,6.7
2023-01-09 08:56:19 +0000,Business lunch,7
2023-01-09 15:17:48 +0000,Taxi,2
2023-01-09 18:30:54 +0000,Market,0.88
2023-01-10 05:44:47 +0000,Restuarant,55
2023-01-10 05:44:53 +0000,Market,2.5
2023-01-10 06:37:16 +0000,Coffe,6
2023-01-10 09:39:58 +0000,Business lunch,5
2023-01-10 11:54:57 +0000,Market,14
2023-01-10 14:08:33 +0000,Market,1.88
2023-01-10 19:49:39 +0000,Market,2
2023-01-10 19:49:44 +0000,Restuarant,1
2023-01-11 09:19:11 +0000,Business lunch,11.2
2023-01-11 15:38:43 +0000,Market,0.5
2023-01-11 17:49:53 +0000,Coffe,6.4
2023-01-11 18:41:46 +0000,Coffe,6.7
2023-01-11 21:07:05 +0000,Taxi,4
2023-01-13 10:56:44 +0000,Coffe,6.7
2023-01-13 14:26:29 +0000,Coffe,6.7
2023-01-13 16:15:53 +0000,Coffe,9
2023-01-13 17:38:06 +0000,Learning,16
2023-01-13 18:35:04 +0000,Market,6.3
2023-01-14 09:11:08 +0000,Coffe,13.6
2023-01-14 12:22:21 +0000,Coffe,6.7
2023-01-14 14:26:01 +0000,Coffe,6.7
2023-01-14 17:29:52 +0000,Transport,5
2023-01-14 18:17:15 +0000,Market,20
2023-01-15 09:53:14 +0000,Taxi,2.1
2023-01-15 09:53:18 +0000,Market,0.7
2023-01-15 10:03:43 +0000,Restuarant,5.3
2023-01-15 10:09:02 +0000,Coffe,6.7
2023-01-15 12:22:09 +0000,Coffe,6.7
2023-01-15 14:19:58 +0000,Coffe,6.7
2023-01-15 14:59:53 +0000,Phone,3
2023-01-15 15:54:28 +0000,Taxi,1.7
2023-01-15 17:08:59 +0000,Clothing,6
2023-01-15 17:59:25 +0000,Market,1.5
2023-01-16 04:48:21 +0000,Market,2.55
2023-01-16 08:31:53 +0000,Market,0.7
2023-01-16 09:30:24 +0000,Business lunch,9
2023-01-16 17:37:42 +0000,Market,2
2023-01-16 17:41:10 +0000,Market,1.4
2023-01-17 05:00:12 +0000,Market,2.45
2023-01-17 06:03:13 +0000,Restuarant,11
2023-01-17 06:03:17 +0000,Communal,174
2023-01-17 16:10:44 +0000,Taxi,2.13
2023-01-17 16:20:43 +0000,Coffe,6.7
2023-01-17 17:50:10 +0000,Coffe,7.2
2023-01-18 04:56:56 +0000,Market,1.75
2023-01-18 10:21:53 +0000,Business lunch,10
2023-01-18 15:19:05 +0000,Market,1.74
2023-01-18 15:51:02 +0000,Coffe,7.9
2023-01-18 19:10:40 +0000,Market,4.18
2023-01-18 19:12:43 +0000,Health,36
2023-01-19 09:27:35 +0000,Business lunch,9
2023-01-19 09:27:40 +0000,Market,0.52
2023-01-19 14:32:14 +0000,Coffe,6.7
2023-01-20 07:49:47 +0000,Taxi,1.7
2023-01-20 07:49:50 +0000,Market,0.5
2023-01-20 07:51:37 +0000,Coffe,13.9
2023-01-20 09:51:54 +0000,Coffe,6.7
2023-01-20 12:38:09 +0000,Coffe,6.7
2023-01-20 14:29:52 +0000,Transport,5
2023-01-20 14:56:06 +0000,Market,1
2023-01-20 19:11:23 +0000,Market,5.8
2023-01-20 19:14:44 +0000,Restuarant,18
2023-01-21 07:15:25 +0000,Coffe,13.9
2023-01-21 09:32:44 +0000,Coffe,6.7
2023-01-21 12:29:15 +0000,Coffe,6.7
2023-01-21 16:45:34 +0000,Restuarant,13
2023-01-21 20:13:19 +0000,Taxi,5
2023-01-22 07:28:08 +0000,Taxi,1.6
2023-01-22 07:42:27 +0000,Coffe,13.9
2023-01-22 11:42:19 +0000,Coffe,6.7
2023-01-22 11:42:22 +0000,Restuarant,11
2023-01-22 14:57:36 +0000,Market,1.6
2023-01-22 16:05:54 +0000,Market,1
2023-01-22 16:56:49 +0000,Market,3.8
2023-01-23 05:07:02 +0000,Market,3.8
2023-01-23 09:07:46 +0000,Business lunch,8.4
2023-01-23 10:29:51 +0000,Market,1.9
2023-01-23 14:53:46 +0000,Phone,3
2023-01-23 14:53:49 +0000,Coffe,6.7
2023-01-24 09:01:51 +0000,Business lunch,8
2023-01-24 10:12:58 +0000,Coffe,3
2023-01-24 13:15:39 +0000,Restuarant,35
2023-01-24 14:39:20 +0000,Coffe,13.9
2023-01-25 04:49:24 +0000,Market,3
2023-01-25 06:27:04 +0000,Taxi,1.28
2023-01-25 08:58:45 +0000,Market,2.7
2023-01-25 09:08:18 +0000,Taxi,1.28
2023-01-25 09:48:04 +0000,Market,1.14
2023-01-25 11:45:11 +0000,Coffe,6.7
2023-01-25 12:56:41 +0000,Coffe,6.7
2023-01-25 17:14:40 +0000,Taxi,1.28
2023-01-25 19:47:20 +0000,Restuarant,10
2023-01-26 04:17:51 +0000,Other,20
2023-01-26 04:17:59 +0000,Learning,441
2023-01-26 12:42:45 +0000,Restuarant,5.3
2023-01-26 12:52:40 +0000,Coffe,6.7
2023-01-26 14:47:23 +0000,Coffe,6.7
2023-01-26 16:56:45 +0000,Learning,16
2023-01-26 17:50:57 +0000,Market,24.33
2023-01-27 08:31:09 +0000,Coffe,6.7
2023-01-27 10:10:37 +0000,Coffe,6.7
2023-01-27 14:27:30 +0000,Coffe,6.7
2023-01-27 17:20:19 +0000,Coffe,6.9
2023-01-27 17:47:12 +0000,Transport,5
2023-01-27 18:35:24 +0000,Market,4
2023-01-28 08:50:54 +0000,Market,0.72
2023-01-28 10:46:18 +0000,Restuarant,7.2
2023-01-28 10:53:00 +0000,Coffe,6.7
2023-01-28 12:32:30 +0000,Coffe,6.7
2023-01-28 14:24:52 +0000,Coffe,6.7
2023-01-28 16:14:11 +0000,Coffe,6.7
2023-01-28 18:10:55 +0000,Health,36
2023-01-28 18:13:28 +0000,Market,11.64
2023-01-29 06:07:12 +0000,Coffe,6.7
2023-01-29 09:15:07 +0000,Coffe,13.9
2023-01-29 10:55:54 +0000,Restuarant,5.3
2023-01-29 21:21:52 +0000,Market,2.78
2023-01-29 21:22:06 +0000,Other,1
2023-01-29 21:22:07 +0000,Other,1
2023-01-29 21:22:13 +0000,Restuarant,110
2023-01-29 21:26:54 +0000,Restuarant,5
2023-01-30 09:54:43 +0000,Phone,12
2023-01-30 11:43:52 +0000,Coffe,5
2023-01-30 11:43:54 +0000,Taxi,5
2023-01-30 13:56:36 +0000,Taxi,2
2023-01-30 13:56:38 +0000,Coffe,6.7
2023-01-30 15:50:56 +0000,Restuarant,5.3
2023-01-30 16:16:10 +0000,Tech,25
2023-01-30 16:34:31 +0000,Coffe,6.7
2023-01-30 17:43:10 +0000,Clothing,11
2023-01-30 18:26:44 +0000,Market,1.4
2023-01-31 06:55:07 +0000,Taxi,5
2023-01-31 07:10:48 +0000,Coffe,6.7
2023-01-31 07:13:30 +0000,Coffe,8.2
2023-01-31 09:59:07 +0000,Coffe,6.7
2023-01-31 12:35:34 +0000,Coffe,5.5
2023-01-31 14:30:17 +0000,Coffe,5.5
2023-01-31 16:32:28 +0000,Market,5.8
2023-02-01 09:12:34 +0000,Clothing,2
2023-02-01 10:39:56 +0000,Coffe,6.9
2023-02-01 14:31:29 +0000,Coffe,6.7
2023-02-01 15:36:53 +0000,Coffe,8.2
2023-02-01 17:28:43 +0000,Coffe,6.7
2023-02-02 10:06:31 +0000,Business lunch,5
2023-02-02 10:06:51 +0000,Market,0.6
2023-02-02 14:47:42 +0000,Coffe,13
2023-02-03 08:59:07 +0000,Transport,5
2023-02-03 09:44:06 +0000,Market,8.78
2023-02-03 10:07:59 +0000,Business lunch,6
2023-02-03 15:32:38 +0000,Market,0.8
2023-02-03 16:04:48 +0000,Coffe,5.5
2023-02-03 17:20:29 +0000,Coffe,13
2023-02-03 21:30:55 +0000,Film/enjoyment,12
2023-02-03 21:48:24 +0000,Other,4
2023-02-04 09:38:22 +0000,Sport,68
2023-02-04 10:03:26 +0000,Taxi,6
2023-02-04 13:04:48 +0000,Restuarant,20
2023-02-04 13:04:52 +0000,Taxi,3
2023-02-04 15:14:13 +0000,Coffe,11
2023-02-04 16:18:45 +0000,Learning,58.6
2023-02-04 17:12:56 +0000,Market,3.5
2023-02-05 09:48:28 +0000,Coffe,13
2023-02-05 09:48:30 +0000,Phone,3
2023-02-05 12:00:07 +0000,Coffe,5.5
2023-02-05 13:00:11 +0000,Coffe,5.5
2023-02-04 20:09:00 +0000,Taxi,3.5
2023-02-04 20:09:00 +0000,Restuarant,51
2023-02-04 20:23:11 +0000,Market,11.15
2023-02-06 09:54:43 +0000,Other,1.5
2023-02-06 10:19:51 +0000,Business lunch,6.7
2023-02-06 14:56:39 +0000,Coffe,5.5
2023-02-06 16:05:03 +0000,Restuarant,5.3
2023-02-07 08:46:59 +0000,Market,0.6
2023-02-07 10:03:01 +0000,Business lunch,14
2023-02-07 15:05:49 +0000,Coffe,3.12
2023-02-07 15:35:07 +0000,Learning,20.5
2023-02-07 16:41:20 +0000,Market,3.8
2023-02-08 04:54:41 +0000,Market,0.8
2023-02-08 09:28:07 +0000,Business lunch,10
2023-02-08 15:24:19 +0000,Transport,5
2023-02-08 15:24:26 +0000,Coffe,7.17
2023-02-08 16:06:36 +0000,Market,4.72
2023-02-08 16:09:58 +0000,Health,18
2023-02-09 08:31:40 +0000,Taxi,1
2023-02-09 09:52:40 +0000,Business lunch,8.4
2023-02-09 14:55:05 +0000,Clothing,40
2023-02-09 16:04:31 +0000,Coffe,3.12
2023-02-09 16:54:03 +0000,Market,4.44
2023-02-10 07:05:50 +0000,Market,0.6
2023-02-10 10:13:48 +0000,Business lunch,10
2023-02-10 14:22:20 +0000,Market,1
2023-02-10 16:54:18 +0000,Coffe,3.12
2023-02-10 17:13:02 +0000,Clothing,17
2023-02-10 17:18:02 +0000,Restuarant,10.5
2023-02-10 17:27:47 +0000,Market,1
2023-02-11 10:25:18 +0000,Coffe,5.5
2023-02-11 13:23:43 +0000,Restuarant,5.3
2023-02-12 18:08:00 +0000,joy,120
2023-02-13 09:46:37 +0000,Business lunch,8.4
2023-02-13 15:13:05 +0000,Sport,30
2023-02-13 15:25:27 +0000,Market,0.5
2023-02-13 15:25:42 +0000,Market,0.44
2023-02-13 16:50:23 +0000,Communal,181
2023-02-14 06:59:21 +0000,Phone,3
2023-02-14 09:28:51 +0000,Business lunch,10
2023-02-14 15:49:44 +0000,Market,7.3
2023-02-15 09:54:32 +0000,Business lunch,10
2023-02-15 09:54:39 +0000,Market,1.3
2023-02-15 15:26:08 +0000,Market,1
2023-02-15 16:20:29 +0000,Market,4.25
2023-02-16 04:40:45 +0000,Market,0.7
2023-02-16 09:39:56 +0000,Business lunch,10
2023-02-16 15:21:21 +0000,Market,4.47
2023-02-17 04:16:49 +0000,Market,15
2023-02-17 09:45:34 +0000,Business lunch,10
2023-02-17 10:01:30 +0000,Events,50
2023-02-17 16:30:40 +0000,Coffe,3.12
2023-02-17 17:21:21 +0000,Market,13.6
2023-02-18 09:40:18 +0000,Taxi,5
2023-02-18 10:09:42 +0000,Restuarant,5.3
2023-02-18 10:09:47 +0000,Coffe,6.7
2023-02-18 13:00:02 +0000,Coffe,6.7
2023-02-18 14:54:26 +0000,Coffe,6.7
2023-02-17 20:09:00 +0000,Market,22
2023-02-17 20:10:00 +0000,Transport,5
2023-02-19 05:31:13 +0000,Market,2.15
2023-02-19 06:36:34 +0000,Coffe,6.7
2023-02-19 09:28:15 +0000,Coffe,18.2
2023-02-19 11:59:04 +0000,Market,0.52
2023-02-19 13:00:13 +0000,Market,0.52
2023-02-19 13:32:15 +0000,Coffe,6.9
2023-02-19 19:56:35 +0000,Market,1.35
2023-02-19 19:56:42 +0000,Restuarant,31
2023-02-20 04:35:42 +0000,Market,2
2023-02-20 09:45:27 +0000,Business lunch,10
2023-02-20 15:33:54 +0000,Market,7
2023-02-21 05:20:22 +0000,Market,2.22
2023-02-21 06:01:59 +0000,Phone,1
2023-02-21 09:58:10 +0000,Business lunch,10.53
2023-02-22 04:26:05 +0000,Market,1.4
2023-02-22 10:21:35 +0000,Business lunch,11
2023-02-22 14:38:35 +0000,Market,0.6
2023-02-22 14:38:39 +0000,Transport,5
2023-02-22 16:29:47 +0000,Market,2.2
2023-02-23 17:50:45 +0000,Phone,1.25
2023-02-23 17:50:57 +0000,Business lunch,10
2023-02-23 17:51:15 +0000,Market,1.3
2023-02-23 19:17:00 +0000,Restuarant,35
2023-02-24 04:14:06 +0000,Market,1.2
2023-02-24 09:22:28 +0000,Business lunch,10
2023-02-24 18:04:52 +0000,Market,25
2023-02-25 07:21:28 +0000,Coffe,6.7
2023-02-25 07:21:35 +0000,Restuarant,5.3
2023-02-25 10:12:24 +0000,Coffe,6.7
2023-02-25 12:35:31 +0000,Market,8.5
2023-02-25 19:33:01 +0000,Events,5
2023-02-25 19:33:08 +0000,Taxi,3
2023-02-25 19:33:12 +0000,Market,3
2023-02-26 06:52:41 +0000,Coffe,15
2023-02-26 09:26:08 +0000,Coffe,6.7
2023-02-26 11:33:34 +0000,Market,10.44
2023-02-26 13:42:14 +0000,Restuarant,5.3
2023-02-26 13:50:01 +0000,Coffe,11.3
2023-02-26 16:31:02 +0000,Market,5.9
2023-02-27 07:08:20 +0000,Market,1.3
2023-02-27 09:23:05 +0000,Business lunch,10
2023-02-27 14:36:22 +0000,Phone,3
2023-02-27 17:49:46 +0000,Restuarant,68
2023-02-27 17:49:59 +0000,Market,3.54
2023-02-27 19:10:28 +0000,Market,9.57
2023-02-28 05:01:35 +0000,Market,7.15
2023-02-28 09:38:54 +0000,Business lunch,10
2023-02-28 17:17:19 +0000,Restuarant,5.3
2023-03-01 10:14:07 +0000,Business lunch,10
2023-03-01 13:49:10 +0000,Phone,10
2023-03-01 16:13:18 +0000,Clothing,210
2023-03-01 16:13:20 +0000,Clothing,56
2023-03-01 16:13:24 +0000,Other,10
2023-03-01 16:13:28 +0000,Taxi,2.3
2023-03-01 16:35:20 +0000,Coffe,7
2023-03-01 20:45:15 +0000,Phone,3
2023-03-01 20:45:17 +0000,Transport,5
2023-03-02 09:44:52 +0000,Restuarant,10.53
2023-03-02 11:51:43 +0000,Events,20
2023-03-02 15:08:42 +0000,Market,9.44
2023-03-02 17:53:46 +0000,Market,11.13
2023-03-03 04:54:52 +0000,Market,0.75
2023-03-03 12:07:51 +0000,Business lunch,10
2023-03-03 18:13:45 +0000,Health,77.1
2023-03-03 18:13:48 +0000,Market,12
2023-03-04 06:29:02 +0000,Taxi,9
2023-03-04 08:51:57 +0000,Restuarant,200
2023-03-04 10:28:24 +0000,Coffe,52
2023-03-04 15:07:28 +0000,Coffe,6.7
2023-03-04 15:07:30 +0000,Coffe,6.7
2023-03-04 16:57:03 +0000,Market,3.6
2023-03-05 06:57:22 +0000,Coffe,6.7
2023-03-05 09:34:22 +0000,Coffe,14.2
2023-03-05 13:42:51 +0000,Market,1
2023-03-05 14:18:00 +0000,Restuarant,5.4
2023-03-05 21:27:41 +0000,Restuarant,25
2023-03-06 05:04:31 +0000,Market,0.9
2023-03-06 07:51:59 +0000,Sport,68
2023-03-06 17:04:21 +0000,Restuarant,5.4
2023-03-06 17:14:56 +0000,Market,2.05
2023-03-07 10:55:13 +0000,Business lunch,13
2023-03-07 10:55:15 +0000,Events,60
2023-03-07 12:06:48 +0000,Health,1.34
2023-03-07 17:13:56 +0000,Restuarant,5.4
2023-03-07 18:14:03 +0000,Transport,5
2023-03-08 06:26:36 +0000,Phone,3
2023-03-08 10:32:12 +0000,Market,10.8
2023-03-08 12:17:10 +0000,Coffe,7.1
2023-03-08 15:33:58 +0000,Restuarant,5.4
2023-03-08 16:34:34 +0000,Market,3.25
2023-03-08 16:34:36 +0000,Health,0.9
2023-03-09 05:20:53 +0000,Market,1
2023-03-09 09:38:33 +0000,Business lunch,13.12
2023-03-09 15:22:03 +0000,Market,5
2023-03-09 17:33:13 +0000,Coffe,3.12
2023-03-09 17:54:19 +0000,Market,6.46
2023-03-11 08:04:50 +0000,Restuarant,19
2023-03-11 08:05:11 +0000,Communal,150
2023-03-11 08:22:51 +0000,Coffe,16
2023-03-11 10:23:30 +0000,Coffe,7
2023-03-11 19:05:06 +0000,Restuarant,36
2023-03-12 08:07:34 +0000,Restuarant,39
2023-03-12 08:07:38 +0000,Coffe,7.1
2023-03-12 11:23:50 +0000,Coffe,7.1
2023-03-12 13:54:18 +0000,Coffe,9
2023-03-11 20:41:00 +0000,Other,5
2023-03-11 20:41:59 +0000,Restuarant,10
2023-03-13 10:43:53 +0000,Business lunch,10
2023-03-13 17:07:17 +0000,Coffe,7.1
2023-03-13 17:07:19 +0000,Coffe,3.12
2023-03-13 19:12:58 +0000,Transport,5
2023-03-13 19:33:20 +0000,Market,13.51
2023-03-14 09:44:45 +0000,Business lunch,10
2023-03-14 14:43:01 +0000,Coffe,7.1
2023-03-14 17:45:39 +0000,Restuarant,5.4
2023-03-14 18:50:41 +0000,Market,9.24
2023-03-15 09:50:30 +0000,Business lunch,9
2023-03-15 10:00:59 +0000,Market,0.7
2023-03-15 15:38:43 +0000,Coffe,7.3
2023-03-15 17:40:06 +0000,Coffe,7.1
2023-03-14 21:21:30 +0000,Market,7.52
2023-03-14 21:21:00 +0000,Restuarant,5.4
2023-03-16 09:57:04 +0000,Market,8.4
2023-03-16 15:41:33 +0000,Coffe,7.1
2023-03-16 17:06:00 +0000,Coffe,9
2023-03-16 17:06:11 +0000,Business lunch,8.5
2023-03-16 18:52:37 +0000,Market,6.08
2023-03-17 08:16:37 +0000,Sport,30
2023-03-17 10:10:53 +0000,Market,1
2023-03-17 14:31:04 +0000,Coffe,7.1
2023-03-17 15:24:29 +0000,Coffe,7.1
2023-03-17 16:31:47 +0000,Coffe,8.9
2023-03-17 19:29:55 +0000,Market,8.55
2023-03-18 06:50:54 +0000,Clothing,70
2023-03-18 07:35:31 +0000,Coffe,7.1
2023-03-18 09:20:54 +0000,Coffe,7.1
2023-03-18 10:35:27 +0000,Coffe,7.5
2023-03-18 12:57:11 +0000,Events,100
2023-03-18 13:20:59 +0000,Market,1
2023-03-18 13:51:51 +0000,Coffe,7.1
2023-03-18 15:24:25 +0000,Coffe,7
2023-03-19 08:33:43 +0000,Phone,3
2023-03-19 10:11:32 +0000,Coffe,7.1
2023-03-19 10:21:06 +0000,Coffe,7.1
2023-03-19 12:27:20 +0000,Market,1.6
2023-03-19 13:46:18 +0000,Coffe,7.1
2023-03-19 15:27:48 +0000,Coffe,7.1
2023-03-20 09:36:00 +0000,Coffe,7.1
2023-03-20 12:26:11 +0000,Coffe,7.1
2023-03-20 12:26:26 +0000,Market,2.3
2023-03-20 15:21:05 +0000,Coffe,7.1
2023-03-20 15:38:08 +0000,Coffe,8.9
2023-03-20 19:26:15 +0000,Health,19
2023-03-20 19:47:10 +0000,Market,4.62
2023-03-20 19:48:40 +0000,Market,1.65
2023-03-21 07:08:47 +0000,Coffe,7.1
2023-03-21 09:05:47 +0000,Coffe,7.1
2023-03-21 14:06:30 +0000,Market,1.4
2023-03-21 14:37:42 +0000,Coffe,7.1
2023-03-21 18:07:18 +0000,Transport,5
2023-03-21 18:57:45 +0000,Market,17
2023-03-22 10:06:17 +0000,Coffe,7.1
2023-03-22 15:14:39 +0000,Coffe,9
2023-03-22 16:17:54 +0000,Market,1
2023-03-21 20:33:00 +0000,Restuarant,13
2023-03-21 21:17:00 +0000,Market,17.5
2023-03-23 08:05:34 +0000,Market,7.3
2023-03-23 13:31:22 +0000,Market,9.5
2023-03-24 15:26:56 +0000,Coffe,16
2023-03-24 18:21:25 +0000,Coffe,7.1
2023-03-23 20:51:00 +0000,Market,10
2023-03-25 08:45:00 +0000,Other,12
2023-03-25 09:00:47 +0000,Communal,26
2023-03-25 10:04:10 +0000,Market,8
2023-03-24 20:44:00 +0000,Market,4.34
2023-03-26 15:19:25 +0000,Coffe,16
2023-03-26 16:52:58 +0000,Phone,1.5
2023-03-26 16:59:52 +0000,Coffe,7.1
2023-03-25 20:35:58 +0000,Market,3.6
2023-03-27 19:18:00 +0000,Restuarant,26
2023-03-26 20:18:00 +0000,Restuarant,12
2023-03-27 19:51:57 +0000,Market,10.41
2023-03-28 14:12:21 +0000,Transport,5
2023-03-28 15:06:52 +0000,Market,10.17
2023-03-29 18:16:51 +0000,Restuarant,20
2023-03-29 04:09:00 +0000,Market,6.5
2023-03-29 05:21:57 +0000,Restuarant,5
2023-03-30 10:10:09 +0000,Phone,1.61
2023-03-30 15:07:40 +0000,Market,19.5
2023-03-31 06:39:39 +0000,Other,20
2023-03-31 10:50:51 +0000,Market,8.9
2023-03-31 13:06:22 +0000,Events,28
2023-03-31 19:40:16 +0000,Restuarant,34
2023-04-01 15:29:15 +0000,Coffe,14.3
2023-04-01 19:51:41 +0000,Transport,5
2023-03-31 20:56:00 +0000,Market,20
2023-04-02 08:52:46 +0000,Learning,24
2023-04-02 15:49:05 +0000,Phone,10
2023-04-01 21:09:00 +0000,Restuarant,34
2023-04-03 16:10:19 +0000,Phone,1.81
2023-04-03 19:25:18 +0000,Restuarant,36
2023-04-03 19:25:19 +0000,Restuarant,25
2023-04-04 15:28:31 +0000,Coffe,16
2023-04-04 16:56:27 +0000,Coffe,7.1
2023-04-05 10:05:17 +0000,Sport,68
2023-04-05 15:31:58 +0000,Coffe,16
2023-04-05 16:46:54 +0000,Coffe,7.1
2023-04-05 19:26:58 +0000,Market,37
2023-04-06 15:32:22 +0000,Coffe,16
2023-04-06 17:41:48 +0000,Coffe,7.1
2023-04-05 20:21:00 +0000,Market,11
2023-04-07 15:33:39 +0000,Coffe,16
2023-04-06 20:51:00 +0000,Restuarant,85
2023-04-08 15:32:07 +0000,Coffe,16
2023-04-08 17:24:35 +0000,Coffe,8.13
2023-04-08 19:14:06 +0000,Transport,5
2023-04-07 20:19:00 +0000,Market,15.83
2023-04-09 09:56:22 +0000,Other,10
2023-04-09 15:33:07 +0000,Coffe,16
2023-04-09 17:06:23 +0000,Coffe,7.9
2023-04-08 20:45:00 +0000,Market,32
2023-04-10 18:18:12 +0000,Phone,7.2
2023-04-10 19:16:41 +0000,Restuarant,223
2023-04-09 20:35:58 +0000,Market,4.23
2023-04-11 14:13:16 +0000,Health,39.2
2023-04-11 15:37:54 +0000,Coffe,14.6
2023-04-11 16:33:10 +0000,Coffe,7.1
2023-04-10 20:40:00 +0000,Market,18.32
2023-04-12 05:11:03 +0000,Communal,150
2023-04-12 15:41:32 +0000,Coffe,16
2023-04-12 19:39:46 +0000,Restuarant,25
2023-04-11 20:22:00 +0000,Market,8.67
2023-04-13 15:18:20 +0000,Market,25.2
2023-04-14 13:49:59 +0000,Restuarant,33
2023-04-14 15:41:50 +0000,Coffe,16
2023-04-14 17:40:23 +0000,Coffe,7.1
2023-04-13 20:46:00 +0000,Market,8.17
2023-04-15 08:56:01 +0000,Taxi,3
2023-04-15 13:37:38 +0000,Market,2.3
2023-04-15 13:37:44 +0000,Other,8
2023-04-15 14:17:59 +0000,Clothing,47
2023-04-15 17:45:05 +0000,Coffe,7.1
2023-04-15 19:35:26 +0000,Transport,5
2023-04-16 16:21:43 +0000,Coffe,7.1
2023-04-15 20:44:00 +0000,Market,30
2023-04-16 18:35:00 +0000,Coffe,7.1
2023-04-17 16:59:01 +0000,Coffe,7.1
2023-04-17 16:59:05 +0000,Restuarant,24
2023-04-18 12:40:49 +0000,Travel,78
2023-04-18 15:46:16 +0000,Coffe,16
2023-04-18 17:12:36 +0000,Coffe,7.1
2023-04-19 04:05:03 +0000,Phone,2
2023-04-19 15:44:51 +0000,Coffe,17
2023-04-19 18:34:01 +0000,Health,17
2023-04-19 18:34:03 +0000,Market,12
2023-04-20 18:51:18 +0000,Transport,1.5
2023-04-20 18:51:26 +0000,Restuarant,35
2023-04-19 20:02:59 +0000,Restuarant,5.8
2023-04-21 10:51:02 +0000,Restuarant,53
2023-04-21 12:47:44 +0000,Coffe,7.3
2023-04-21 13:10:03 +0000,Coffe,12
2023-04-21 13:10:28 +0000,Clothing,300
2023-04-21 15:33:14 +0000,Coffe,5.3
2023-04-22 16:09:28 +0000,Travel,20
2023-04-22 18:28:25 +0000,Market,1.41
2023-04-23 08:34:53 +0000,Events,50
2023-04-23 09:43:42 +0000,Transport,0.3
2023-04-23 17:24:10 +0000,Film/enjoyment,8
2023-04-23 17:24:32 +0000,Market,2
2023-04-23 17:24:46 +0000,Restuarant,7.5
2023-04-24 05:56:00 +0000,Market,1.2
2023-04-24 06:23:22 +0000,Market,21
2023-04-24 06:23:25 +0000,Other,10
2023-04-24 10:51:29 +0000,Restuarant,33
2023-04-24 10:51:33 +0000,Coffe,14
2023-04-24 13:34:02 +0000,Restuarant,7.3
2023-04-24 15:07:18 +0000,Coffe,12
2023-04-24 17:47:23 +0000,Transport,5
2023-04-24 19:03:29 +0000,Market,2.4
2023-04-25 05:22:19 +0000,Market,1
2023-04-26 05:07:29 +0000,Market,0.9
2023-04-26 09:52:59 +0000,Market,2.13
2023-04-26 09:53:04 +0000,Health,5.86
2023-04-26 15:59:53 +0000,Coffe,16
2023-04-27 04:53:39 +0000,Market,13
2023-04-28 04:49:17 +0000,Market,0.9
2023-04-27 04:49:00 +0000,Restuarant,20.38
2023-04-28 09:35:37 +0000,Restuarant,10
2023-04-28 16:27:22 +0000,Coffe,14.3
2023-04-28 19:12:21 +0000,Transport,5
2023-04-27 20:01:00 +0000,Market,6.54
2023-04-29 03:00:45 +0000,Transport,1
2023-04-30 09:23:23 +0000,Restuarant,13
2023-04-30 10:49:17 +0000,Restuarant,10
2023-04-30 10:49:26 +0000,joy,20
2023-04-30 14:27:11 +0000,Coffe,9.2
2023-04-30 16:38:22 +0000,Coffe,7.3
2023-04-30 19:51:29 +0000,Market,6.5
2023-05-01 05:55:07 +0000,Sport,490
2023-05-01 09:46:21 +0000,Restuarant,10
2023-05-01 15:10:18 +0000,Coffe,16
2023-05-01 17:03:53 +0000,Other,10
2023-05-02 02:33:09 +0000,Transport,1
2023-05-02 06:10:01 +0000,Phone,13
2023-05-02 11:06:53 +0000,Coffe,12.6
2023-05-02 16:26:44 +0000,Coffe,17
2023-05-03 10:03:44 +0000,Business lunch,13
2023-05-03 14:20:10 +0000,Sport,20
2023-05-03 14:51:30 +0000,Transport,5
2023-05-03 15:51:17 +0000,Market,9.32
2023-05-03 20:29:58 +0000,Restuarant,45
2023-05-05 17:48:19 +0000,Restuarant,63
2023-05-05 18:13:58 +0000,Market,2.23
2023-05-06 05:19:43 +0000,Transport,0.7
2023-05-06 07:04:43 +0000,Restuarant,20
2023-05-06 07:45:44 +0000,Coffe,7
2023-05-06 10:51:33 +0000,Market,20
2023-05-06 14:12:28 +0000,Coffe,8.9
2023-05-06 14:55:37 +0000,Coffe,7.1
2023-05-07 11:21:11 +0000,Coffe,12
2023-05-07 11:21:15 +0000,Coffe,7.1
2023-05-07 11:21:17 +0000,Restuarant,20
2023-05-07 12:51:20 +0000,Coffe,9
2023-05-07 14:16:03 +0000,Coffe,8
2023-05-07 16:43:52 +0000,Coffe,14.3
2023-05-08 03:28:56 +0000,Clothing,30
2023-05-08 05:00:56 +0000,Market,0.9
2023-05-08 10:26:23 +0000,Market,9.32
2023-05-08 15:30:08 +0000,Coffe,16
2023-05-08 17:49:32 +0000,Market,31
2023-05-08 05:27:00 +0000,Taxi,4
2023-05-09 09:02:09 +0000,Restuarant,14.6
2023-05-09 11:24:17 +0000,Taxi,1
2023-05-09 11:34:04 +0000,Coffe,12
2023-05-09 12:45:51 +0000,Taxi,3
2023-05-09 12:56:31 +0000,Market,2.51
2023-05-09 17:09:59 +0000,Taxi,5.49
2023-05-09 19:26:37 +0000,Restuarant,43
2023-05-10 06:35:01 +0000,Transport,6
2023-05-10 07:19:23 +0000,Coffe,16
2023-05-10 08:08:25 +0000,Clothing,59
2023-05-10 12:50:39 +0000,Coffe,16
2023-05-10 12:50:42 +0000,Restuarant,26
2023-05-10 14:49:14 +0000,Phone,5
2023-05-10 18:21:50 +0000,Market,10.35
2023-05-11 15:26:33 +0000,Market,1.8
2023-05-11 15:26:35 +0000,Restuarant,92
2023-05-11 15:44:26 +0000,Transport,5
2023-05-11 16:45:31 +0000,Health,17
2023-05-11 16:45:37 +0000,Market,11
2023-05-12 12:39:07 +0000,Communal,150
2023-05-12 12:39:12 +0000,Restuarant,12
2023-05-12 19:44:12 +0000,Health,71
2023-05-12 19:48:54 +0000,Market,8
2023-05-13 07:45:54 +0000,Coffe,15
2023-05-13 09:52:34 +0000,Coffe,7.9
2023-05-13 09:52:36 +0000,Learning,35
2023-05-13 13:22:36 +0000,Restuarant,13
2023-05-13 13:46:52 +0000,Coffe,7.1
2023-05-13 15:21:12 +0000,Coffe,9
2023-05-13 18:44:02 +0000,Market,4
2023-05-14 07:07:34 +0000,Coffe,16
2023-05-14 09:08:26 +0000,Coffe,14.4
2023-05-14 09:48:28 +0000,Learning,1.1
2023-05-14 12:37:22 +0000,Coffe,9
2023-05-14 14:32:10 +0000,Taxi,4
2023-05-14 14:32:14 +0000,Other,10
2023-05-14 18:17:04 +0000,Coffe,8.9
2023-05-14 18:37:38 +0000,Taxi,4.29
2023-05-15 05:12:23 +0000,Market,1
2023-05-15 08:49:37 +0000,Restuarant,6
2023-05-15 10:12:22 +0000,Market,6
2023-05-15 14:17:21 +0000,Coffe,7.9
2023-05-15 15:56:35 +0000,Coffe,23
2023-05-16 10:06:05 +0000,Market,8.5
2023-05-16 18:58:21 +0000,Market,4
2023-05-16 18:58:26 +0000,Restuarant,100
2023-05-16 19:42:28 +0000,Market,2
2023-05-17 05:11:16 +0000,Market,1.6
2023-05-17 10:03:01 +0000,Restuarant,12
2023-05-17 10:03:04 +0000,Market,4
2023-05-17 14:31:26 +0000,Coffe,7.1
2023-05-17 16:15:45 +0000,Coffe,7.1
2023-05-17 19:37:34 +0000,Market,8
2023-05-18 05:04:49 +0000,Market,2
2023-05-18 10:06:47 +0000,Market,1
2023-05-18 14:31:02 +0000,Coffe,7.1
2023-05-18 17:23:30 +0000,Transport,5
2023-05-18 18:22:10 +0000,Market,8
2023-05-19 09:59:54 +0000,Restuarant,11
2023-05-19 10:57:01 +0000,Learning,1.4
2023-05-19 16:07:26 +0000,Coffe,7.1
2023-05-19 19:20:56 +0000,Market,12.45
2023-05-20 09:59:24 +0000,Market,1.5
2023-05-20 09:59:27 +0000,Coffe,7
2023-05-20 13:26:03 +0000,Coffe,15
2023-05-20 19:29:24 +0000,Market,8
2023-05-20 19:29:28 +0000,Restuarant,114
2023-05-20 19:29:32 +0000,Taxi,5
2023-05-21 07:34:13 +0000,Coffe,7.1
2023-05-21 07:34:15 +0000,Taxi,3
2023-05-21 11:33:30 +0000,Taxi,3
2023-05-21 11:50:38 +0000,Coffe,9
2023-05-21 15:19:52 +0000,Market,22
2023-05-21 15:20:49 +0000,Health,17
2023-05-21 15:21:39 +0000,Other,10
2023-05-22 02:55:32 +0000,Market,0.85
2023-05-22 04:25:15 +0000,Market,3
2023-05-22 04:25:20 +0000,Market,0.05
2023-05-22 09:35:06 +0000,Restuarant,8.5
2023-05-22 15:11:20 +0000,Coffe,7.1
2023-05-22 16:28:10 +0000,Coffe,7.1
2023-05-22 19:19:01 +0000,Market,29
2023-05-23 04:56:03 +0000,Market,4.1
2023-05-23 08:31:04 +0000,Health,55
2023-05-23 09:54:37 +0000,Restuarant,8
2023-05-23 15:13:34 +0000,Coffe,7.1
2023-05-24 05:00:37 +0000,Market,3.4
2023-05-24 07:42:46 +0000,Phone,5
2023-05-24 10:02:04 +0000,Business lunch,6
2023-05-24 16:55:40 +0000,Coffe,24
2023-05-24 19:11:54 +0000,Transport,5
2023-05-25 04:54:31 +0000,Market,5.81
2023-05-25 07:34:52 +0000,Other,1.7
2023-05-25 10:11:50 +0000,Market,1.45
2023-05-25 11:50:42 +0000,Market,2
2023-05-25 16:22:01 +0000,Coffe,7.1
2023-05-26 05:36:34 +0000,Market,5
2023-05-26 06:13:16 +0000,Health,11
2023-05-26 10:05:24 +0000,Market,3
2023-05-26 16:57:26 +0000,Phone,2
2023-05-26 19:22:00 +0000,Market,20.27
2023-05-27 06:17:28 +0000,Coffe,8.1
2023-05-27 08:13:46 +0000,Coffe,8.1
2023-05-27 10:33:57 +0000,Coffe,9
2023-05-27 12:43:13 +0000,Market,1.8
2023-05-27 14:45:17 +0000,Coffe,12
2023-05-27 16:37:45 +0000,Coffe,8.9
2023-05-27 18:48:06 +0000,Restuarant,5.4
2023-05-28 12:41:26 +0000,Restuarant,7.3
2023-05-28 13:05:52 +0000,Market,0.85
2023-05-28 13:06:01 +0000,Coffe,7.3
2023-05-28 14:17:19 +0000,Taxi,1.6
2023-05-28 14:33:49 +0000,Coffe,8.1
2023-05-28 17:23:55 +0000,Market,13.68
2023-05-29 04:43:40 +0000,Taxi,1.55
2023-05-29 04:59:43 +0000,Coffe,7.1
2023-05-29 09:55:19 +0000,Coffe,9
2023-05-29 10:49:07 +0000,Coffe,9.2
2023-05-29 12:20:02 +0000,Restuarant,14.6
2023-05-30 04:16:53 +0000,Market,3
2023-05-30 10:20:19 +0000,Market,9.34
2023-05-30 15:04:06 +0000,Transport,5
2023-05-30 15:11:07 +0000,Restuarant,6
2023-05-31 05:40:19 +0000,Market,1.65
2023-05-31 10:06:56 +0000,Market,3.36
2023-05-31 19:54:42 +0000,Market,1.7
2023-05-31 19:54:54 +0000,Restuarant,30
2023-06-01 05:01:59 +0000,Events,50
2023-06-01 05:02:06 +0000,Market,1.65
2023-06-01 10:00:38 +0000,Restuarant,6
2023-06-01 13:05:55 +0000,Coffe,7.1
2023-06-01 13:58:29 +0000,Learning,6
2023-06-01 17:14:15 +0000,Other,5
2023-06-02 05:07:58 +0000,Market,8.53
2023-06-02 05:09:13 +0000,Phone,10
